{
    "total_runtime": 493.4936640262604,
    "num_documents": 9,
    "input_load_time": 0,
    "workflows": {
        "create_base_text_units": {
            "overall": 0.21918940544128418,
            "0_orderby": 0.003626108169555664,
            "1_zip": 0.0028460025787353516,
            "2_aggregate_override": 0.004573822021484375,
            "3_chunk": 0.17164874076843262,
            "4_select": 0.0024650096893310547,
            "5_unroll": 0.00444483757019043,
            "6_rename": 0.0030007362365722656,
            "7_genid": 0.004453897476196289,
            "8_unzip": 0.0038154125213623047,
            "9_copy": 0.002513408660888672,
            "10_filter": 0.01378941535949707
        },
        "create_base_extracted_entities": {
            "overall": 78.91515493392944,
            "0_entity_extract": 78.87560629844666,
            "1_merge_graphs": 0.03472638130187988
        },
        "create_final_covariates": {
            "overall": 115.98986721038818,
            "0_extract_covariates": 115.9553747177124,
            "1_window": 0.005102872848510742,
            "2_genid": 0.005060672760009766,
            "3_convert": 0.011411190032958984,
            "4_rename": 0.004892110824584961,
            "5_select": 0.004498958587646484
        },
        "create_summarized_entities": {
            "overall": 27.474453926086426,
            "0_summarize_descriptions": 27.469454288482666
        },
        "join_text_units_to_covariate_ids": {
            "overall": 0.02036762237548828,
            "0_select": 0.004999399185180664,
            "1_aggregate_override": 0.008725643157958984
        },
        "create_base_entity_graph": {
            "overall": 0.16859793663024902,
            "0_cluster_graph": 0.15729594230651855,
            "1_select": 0.006265878677368164
        },
        "create_final_entities": {
            "overall": 3.6524298191070557,
            "0_unpack_graph": 0.06125450134277344,
            "1_rename": 0.0070264339447021484,
            "2_select": 0.00699925422668457,
            "3_dedupe": 0.00682830810546875,
            "4_rename": 0.005892515182495117,
            "5_filter": 0.019568443298339844,
            "6_text_split": 0.009571313858032227,
            "7_drop": 0.008188724517822266,
            "8_merge": 0.029204130172729492,
            "9_text_embed": 3.459568977355957,
            "10_drop": 0.009470701217651367,
            "11_filter": 0.021513700485229492
        },
        "create_final_nodes": {
            "overall": 0.7416276931762695,
            "0_layout_graph": 0.2431936264038086,
            "1_unpack_graph": 0.2750546932220459,
            "2_unpack_graph": 0.08054518699645996,
            "3_drop": 0.010506868362426758,
            "4_filter": 0.029098033905029297,
            "5_select": 0.011012792587280273,
            "6_rename": 0.010508537292480469,
            "7_convert": 0.04392218589782715,
            "8_join": 0.018639326095581055,
            "9_rename": 0.01057291030883789
        },
        "create_final_communities": {
            "overall": 0.48664045333862305,
            "0_unpack_graph": 0.06902742385864258,
            "1_unpack_graph": 0.08318281173706055,
            "2_aggregate_override": 0.023977279663085938,
            "3_join": 0.01863718032836914,
            "4_join": 0.017793655395507812,
            "5_concat": 0.0157318115234375,
            "6_filter": 0.1321408748626709,
            "7_aggregate_override": 0.016497373580932617,
            "8_join": 0.015520811080932617,
            "9_filter": 0.02659893035888672,
            "10_fill": 0.012109756469726562,
            "11_merge": 0.018327951431274414,
            "12_copy": 0.012460470199584961,
            "13_select": 0.013666868209838867
        },
        "join_text_units_to_entity_ids": {
            "overall": 0.054555416107177734,
            "0_select": 0.014292001724243164,
            "1_unroll": 0.01412057876586914,
            "2_aggregate_override": 0.014847993850708008
        },
        "create_final_relationships": {
            "overall": 0.25435829162597656,
            "0_unpack_graph": 0.06873464584350586,
            "1_filter": 0.03486132621765137,
            "2_rename": 0.014880895614624023,
            "3_filter": 0.04261136054992676,
            "4_drop": 0.015326738357543945,
            "5_compute_edge_combined_degree": 0.0189206600189209,
            "6_convert": 0.03139376640319824,
            "7_convert": 0.015278339385986328
        },
        "join_text_units_to_relationship_ids": {
            "overall": 0.07889580726623535,
            "0_select": 0.013999700546264648,
            "1_unroll": 0.016975879669189453,
            "2_aggregate_override": 0.017086029052734375,
            "3_select": 0.015387773513793945
        },
        "create_final_community_reports": {
            "overall": 261.2314670085907,
            "0_prepare_community_reports_nodes": 0.023245573043823242,
            "1_prepare_community_reports_edges": 0.020622730255126953,
            "2_prepare_community_reports_claims": 0.018458127975463867,
            "3_restore_community_hierarchy": 0.020725011825561523,
            "4_prepare_community_reports": 0.2273411750793457,
            "5_create_community_reports": 260.88781356811523,
            "6_window": 0.017119407653808594
        },
        "create_final_text_units": {
            "overall": 0.15671181678771973,
            "0_select": 0.016606807708740234,
            "1_rename": 0.016506433486938477,
            "2_join": 0.021261215209960938,
            "3_join": 0.020520925521850586,
            "4_join": 0.020625829696655273,
            "5_aggregate_override": 0.022202730178833008,
            "6_select": 0.021424055099487305
        },
        "create_base_documents": {
            "overall": 0.24311280250549316,
            "0_unroll": 0.020214319229125977,
            "1_select": 0.019789934158325195,
            "2_rename": 0.020051240921020508,
            "3_join": 0.025145530700683594,
            "4_aggregate_override": 0.021312952041625977,
            "5_join": 0.032624244689941406,
            "6_rename": 0.02252197265625,
            "7_convert": 0.06237530708312988
        },
        "create_final_documents": {
            "overall": 0.03977489471435547,
            "0_rename": 0.019629955291748047
        }
    }
}